Workbook

Sheet Standardized Effects with a2
A1: Standardized Effects of Y on X Conditional on W
A4: Labels | B4: INPUT
A5: Independent Variable (X) | B5: X | E5: OUTPUT: Values of Y
A6: Dependent Variable (Y) | B6: Y through M | E6: Moderator
A7: High Level of Moderator | B7: Hi (+1 SD) Z | E7: +1sd | F7: -1sd
A8: Low level of Moderator | B8: Low (-1 SD) Z | D8: =B5 -> X | E8: =B7 -> Hi (+1 SD) Z | F8: =B8 -> Low (-1 SD) Z
D9: 1.5 | E9: =(B11+B12*1)*D9+B13 -> 0.081358 | F9: =(B11+B12*-1)*D9-B13 -> -0.017692
A10: Standardized Coefficients | D10: -1.5 | E10: =(B11+B12*1)*D10+B13 -> -0.041114 | F10: =(B11+B12*-1)*D10-B13 -> -0.022552
A11: Main Effect: (a1*b)*X | B11: =0.131*0.162 -> 0.021222
A12: Interaction Effect: (a3*b) * XW | B12: =0.121*0.162 -> 0.019602
A13: Main Effect: (a2*b)*W | B13: 0.020122 | D13: ="Standardized Effects of " & B5 & " on " &B6 -> Standardized Effects of X on Y through M
F35: =CONCATENATE(B5, " (Mean = 0)") -> X (Mean = 0)

Sheet Standardized Effects without
A1: Standardized Effects of Y on X Conditional on W
A4: Labels | B4: INPUT
A5: Independent Variable (X) | B5: ='Standardized Effects with a2'!B5 -> X | E5: OUTPUT: Values of Y
A6: Dependent Variable (Y) | B6: ='Standardized Effects with a2'!B6 -> Y through M | E6: Moderator
A7: High Level of Moderator | B7: ='Standardized Effects with a2'!B7 -> Hi (+1 SD) Z | E7: +1sd | F7: -1sd
A8: Low level of Moderator | B8: ='Standardized Effects with a2'!B8 -> Low (-1 SD) Z | D8: =B5 -> X | E8: =B7 -> Hi (+1 SD) Z | F8: =B8 -> Low (-1 SD) Z
D9: 1.5 | E9: =(B11+B12*1)*D9 -> 0.061236 | F9: =(B11+B12*-1)*D9 -> 0.00243
A10: Standardized Coefficients | D10: -1.5 | E10: =(B11+B12*1)*D10 -> -0.061236 | F10: =(B11+B12*-1)*D10 -> -0.00243
A11: Main Effect: (a1*b)*X | B11: ='Standardized Effects with a2'!B11 -> 0.021222
A12: Interaction Effect: (a3*b) * XW | B12: ='Standardized Effects with a2'!B12 -> 0.019602
D13: ="Standardized Effects of " & B5 & " on " &B6 -> Standardized Effects of X on Y through M

Sheet Sheet1
